<?xml version="1.0" encoding="UTF-8"?>
<export version="D">
  <design>
    <source>C:\Users\caice_000\Documents\Esquematico Diseño\Diseño PCB\Diseno_PCB_IOT\Diseno_PCB.sch</source>
    <date>04/11/2020 11:50:23 p. m.</date>
    <tool>Eeschema (5.1.7)-1</tool>
    <sheet number="1" name="/" tstamps="/">
      <title_block>
        <title/>
        <company/>
        <rev/>
        <date/>
        <source>Diseno_PCB.sch</source>
        <comment number="1" value=""/>
        <comment number="2" value=""/>
        <comment number="3" value=""/>
        <comment number="4" value=""/>
      </title_block>
    </sheet>
    <sheet number="2" name="/Sheet5FA37E8C/" tstamps="/5FA37E8D/">
      <title_block>
        <title/>
        <company/>
        <rev/>
        <date/>
        <source>file5FA37E8C.sch</source>
        <comment number="1" value=""/>
        <comment number="2" value=""/>
        <comment number="3" value=""/>
        <comment number="4" value=""/>
      </title_block>
    </sheet>
    <sheet number="3" name="/Sheet5FA5D789/" tstamps="/5FA5D78A/">
      <title_block>
        <title/>
        <company/>
        <rev/>
        <date/>
        <source>file5FA5D789.sch</source>
        <comment number="1" value=""/>
        <comment number="2" value=""/>
        <comment number="3" value=""/>
        <comment number="4" value=""/>
      </title_block>
    </sheet>
  </design>
  <components>
    <comp ref="U1">
      <value>ESP32_DevKit_V1_DOIT</value>
      <footprint>ESP32_DevKit_V1_DOIT:esp32_devkit_v1_doit</footprint>
      <datasheet>https://aliexpress.com/item/32864722159.html</datasheet>
      <libsource lib="ESP32_DevKit_V1_DOIT" part="ESP32_DevKit_V1_DOIT" description="32-bit microcontroller module with WiFi and Bluetooth"/>
      <sheetpath names="/" tstamps="/"/>
      <tstamp>5F91B211</tstamp>
    </comp>
    <comp ref="J3">
      <value>Sensor de masa</value>
      <footprint>Connector_PinHeader_2.54mm:PinHeader_2x03_P2.54mm_Vertical</footprint>
      <datasheet>~</datasheet>
      <libsource lib="Connector_Generic" part="Conn_02x03_Top_Bottom" description="Generic connector, double row, 02x03, top/bottom pin numbering scheme (row 1: 1...pins_per_row, row2: pins_per_row+1 ... num_pins), script generated (kicad-library-utils/schlib/autogen/connector/)"/>
      <sheetpath names="/" tstamps="/"/>
      <tstamp>5F924BD1</tstamp>
    </comp>
    <comp ref="J2">
      <value>Screw_Terminal_01x09</value>
      <footprint>TerminalBlock_Phoenix:TerminalBlock_Phoenix_MKDS-1,5-9-5.08_1x09_P5.08mm_Horizontal</footprint>
      <datasheet>~</datasheet>
      <libsource lib="Connector" part="Screw_Terminal_01x09" description="Generic screw terminal, single row, 01x09, script generated (kicad-library-utils/schlib/autogen/connector/)"/>
      <sheetpath names="/" tstamps="/"/>
      <tstamp>5F9269AC</tstamp>
    </comp>
    <comp ref="J1">
      <value>Screw_Terminal_01x02</value>
      <footprint>TerminalBlock_Phoenix:TerminalBlock_Phoenix_MKDS-1,5-2-5.08_1x02_P5.08mm_Horizontal</footprint>
      <datasheet>~</datasheet>
      <libsource lib="Connector" part="Screw_Terminal_01x02" description="Generic screw terminal, single row, 01x02, script generated (kicad-library-utils/schlib/autogen/connector/)"/>
      <sheetpath names="/" tstamps="/"/>
      <tstamp>5F92EC16</tstamp>
    </comp>
    <comp ref="J4">
      <value>Screw_Terminal_01x06</value>
      <footprint>TerminalBlock_Phoenix:TerminalBlock_Phoenix_MKDS-1,5-6_1x06_P5.00mm_Horizontal</footprint>
      <datasheet>~</datasheet>
      <libsource lib="Connector" part="Screw_Terminal_01x06" description="Generic screw terminal, single row, 01x06, script generated (kicad-library-utils/schlib/autogen/connector/)"/>
      <sheetpath names="/" tstamps="/"/>
      <tstamp>5F92F9CC</tstamp>
    </comp>
    <comp ref="H1">
      <value>MountingHole</value>
      <footprint>MountingHole:MountingHole_2.5mm_Pad</footprint>
      <datasheet>~</datasheet>
      <libsource lib="Mechanical" part="MountingHole" description="Mounting Hole without connection"/>
      <sheetpath names="/" tstamps="/"/>
      <tstamp>5F9B146D</tstamp>
    </comp>
    <comp ref="H2">
      <value>MountingHole</value>
      <footprint>MountingHole:MountingHole_2.5mm_Pad</footprint>
      <datasheet>~</datasheet>
      <libsource lib="Mechanical" part="MountingHole" description="Mounting Hole without connection"/>
      <sheetpath names="/" tstamps="/"/>
      <tstamp>5F9B170C</tstamp>
    </comp>
    <comp ref="H3">
      <value>MountingHole</value>
      <footprint>MountingHole:MountingHole_2.5mm_Pad</footprint>
      <datasheet>~</datasheet>
      <libsource lib="Mechanical" part="MountingHole" description="Mounting Hole without connection"/>
      <sheetpath names="/" tstamps="/"/>
      <tstamp>5F9B1C02</tstamp>
    </comp>
    <comp ref="H4">
      <value>MountingHole</value>
      <footprint>MountingHole:MountingHole_2.5mm_Pad</footprint>
      <datasheet>~</datasheet>
      <libsource lib="Mechanical" part="MountingHole" description="Mounting Hole without connection"/>
      <sheetpath names="/" tstamps="/"/>
      <tstamp>5F9B1DE3</tstamp>
    </comp>
    <comp ref="J5">
      <value>Conn_01x10</value>
      <footprint>Connector_PinHeader_2.54mm:PinHeader_1x10_P2.54mm_Vertical</footprint>
      <datasheet>~</datasheet>
      <libsource lib="Connector_Generic" part="Conn_01x10" description="Generic connector, single row, 01x10, script generated (kicad-library-utils/schlib/autogen/connector/)"/>
      <sheetpath names="/" tstamps="/"/>
      <tstamp>5FA95289</tstamp>
    </comp>
    <comp ref="J6">
      <value>Alimentaciones</value>
      <footprint>Connector_PinHeader_2.54mm:PinHeader_2x03_P2.54mm_Vertical</footprint>
      <datasheet>~</datasheet>
      <libsource lib="Connector_Generic" part="Conn_02x03_Top_Bottom" description="Generic connector, double row, 02x03, top/bottom pin numbering scheme (row 1: 1...pins_per_row, row2: pins_per_row+1 ... num_pins), script generated (kicad-library-utils/schlib/autogen/connector/)"/>
      <sheetpath names="/" tstamps="/"/>
      <tstamp>5FA96D9F</tstamp>
    </comp>
    <comp ref="U5">
      <value>ESP32_DevKit_V1_DOIT</value>
      <footprint>ESP32_DevKit_V1_DOIT:esp32_devkit_v1_doit</footprint>
      <datasheet>https://aliexpress.com/item/32864722159.html</datasheet>
      <libsource lib="ESP32_DevKit_V1_DOIT" part="ESP32_DevKit_V1_DOIT" description="32-bit microcontroller module with WiFi and Bluetooth"/>
      <sheetpath names="/" tstamps="/"/>
      <tstamp>5FA9AC78</tstamp>
    </comp>
    <comp ref="U2">
      <value>LM7805_TO220</value>
      <footprint>Package_TO_SOT_SMD:ATPAK-2</footprint>
      <datasheet>https://www.onsemi.cn/PowerSolutions/document/MC7800-D.PDF</datasheet>
      <libsource lib="Regulator_Linear" part="LM7805_TO220" description="Positive 1A 35V Linear Regulator, Fixed Output 5V, TO-220"/>
      <sheetpath names="/Sheet5FA37E8C/" tstamps="/5FA37E8D/"/>
      <tstamp>5FA50113</tstamp>
    </comp>
    <comp ref="C1">
      <value>0.33µ</value>
      <footprint>Capacitor_SMD:C_0603_1608Metric_Pad1.08x0.95mm_HandSolder</footprint>
      <datasheet>~</datasheet>
      <libsource lib="Device" part="C_Small" description="Unpolarized capacitor, small symbol"/>
      <sheetpath names="/Sheet5FA37E8C/" tstamps="/5FA37E8D/"/>
      <tstamp>5FA50119</tstamp>
    </comp>
    <comp ref="C2">
      <value>0.1µ</value>
      <footprint>Capacitor_SMD:C_0603_1608Metric_Pad1.08x0.95mm_HandSolder</footprint>
      <datasheet>~</datasheet>
      <libsource lib="Device" part="C_Small" description="Unpolarized capacitor, small symbol"/>
      <sheetpath names="/Sheet5FA37E8C/" tstamps="/5FA37E8D/"/>
      <tstamp>5FA5011F</tstamp>
    </comp>
    <comp ref="C4">
      <value>0.1µ</value>
      <footprint>Capacitor_SMD:C_0603_1608Metric_Pad1.08x0.95mm_HandSolder</footprint>
      <datasheet>~</datasheet>
      <libsource lib="Device" part="C_Small" description="Unpolarized capacitor, small symbol"/>
      <sheetpath names="/Sheet5FA37E8C/" tstamps="/5FA37E8D/"/>
      <tstamp>5FA50125</tstamp>
    </comp>
    <comp ref="U3">
      <value>LM7806_TO220</value>
      <footprint>Package_TO_SOT_SMD:ATPAK-2</footprint>
      <datasheet>https://www.onsemi.cn/PowerSolutions/document/MC7800-D.PDF</datasheet>
      <libsource lib="Regulator_Linear" part="LM7806_TO220" description="Positive 1A 35V Linear Regulator, Fixed Output 6V, TO-220"/>
      <sheetpath names="/Sheet5FA37E8C/" tstamps="/5FA37E8D/"/>
      <tstamp>5FA5012B</tstamp>
    </comp>
    <comp ref="C3">
      <value>0.33µ</value>
      <footprint>Capacitor_SMD:C_0603_1608Metric_Pad1.08x0.95mm_HandSolder</footprint>
      <datasheet>~</datasheet>
      <libsource lib="Device" part="C_Small" description="Unpolarized capacitor, small symbol"/>
      <sheetpath names="/Sheet5FA37E8C/" tstamps="/5FA37E8D/"/>
      <tstamp>5FA50131</tstamp>
    </comp>
    <comp ref="R1">
      <value>100k</value>
      <footprint>Resistor_SMD:R_1206_3216Metric_Pad1.30x1.75mm_HandSolder</footprint>
      <datasheet>~</datasheet>
      <libsource lib="Device" part="R" description="Resistor"/>
      <sheetpath names="/Sheet5FA37E8C/" tstamps="/5FA37E8D/"/>
      <tstamp>5FA5CDD0</tstamp>
    </comp>
    <comp ref="R2">
      <value>10k</value>
      <footprint>Resistor_SMD:R_1206_3216Metric_Pad1.30x1.75mm_HandSolder</footprint>
      <datasheet>~</datasheet>
      <libsource lib="Device" part="R" description="Resistor"/>
      <sheetpath names="/Sheet5FA37E8C/" tstamps="/5FA37E8D/"/>
      <tstamp>5FA5CDD6</tstamp>
    </comp>
    <comp ref="Q1">
      <value>2N3904</value>
      <footprint>Package_TO_SOT_SMD:TSOT-23</footprint>
      <datasheet>https://www.onsemi.com/pub/Collateral/2N3903-D.PDF</datasheet>
      <libsource lib="Transistor_BJT" part="2N3904" description="0.2A Ic, 40V Vce, Small Signal NPN Transistor, TO-92"/>
      <sheetpath names="/Sheet5FA37E8C/" tstamps="/5FA37E8D/"/>
      <tstamp>5FA5CDDC</tstamp>
    </comp>
    <comp ref="R4">
      <value>10k</value>
      <footprint>Resistor_SMD:R_1206_3216Metric_Pad1.30x1.75mm_HandSolder</footprint>
      <datasheet>~</datasheet>
      <libsource lib="Device" part="R" description="Resistor"/>
      <sheetpath names="/Sheet5FA37E8C/" tstamps="/5FA37E8D/"/>
      <tstamp>5FA5CDE2</tstamp>
    </comp>
    <comp ref="R3">
      <value>100k</value>
      <footprint>Resistor_SMD:R_1206_3216Metric_Pad1.30x1.75mm_HandSolder</footprint>
      <datasheet>~</datasheet>
      <libsource lib="Device" part="R" description="Resistor"/>
      <sheetpath names="/Sheet5FA37E8C/" tstamps="/5FA37E8D/"/>
      <tstamp>5FA5CDE8</tstamp>
    </comp>
    <comp ref="Q2">
      <value>IRF9540N</value>
      <footprint>Package_TO_SOT_SMD:TO-263-2</footprint>
      <datasheet>http://www.irf.com/product-info/datasheets/data/irf9540n.pdf</datasheet>
      <libsource lib="Transistor_FET" part="IRF9540N" description="-23A Id, -100V Vds, 117mOhm Rds, P-Channel HEXFET Power MOSFET, TO-220"/>
      <sheetpath names="/Sheet5FA37E8C/" tstamps="/5FA37E8D/"/>
      <tstamp>5FA5CDEE</tstamp>
    </comp>
    <comp ref="SW1">
      <value>SW_Push</value>
      <footprint>Button_Switch_SMD:SW_SPST_CK_RS282G05A3</footprint>
      <datasheet>~</datasheet>
      <libsource lib="Switch" part="SW_Push" description="Push button switch, generic, two pins"/>
      <sheetpath names="/Sheet5FA37E8C/" tstamps="/5FA37E8D/"/>
      <tstamp>5FA5CE0F</tstamp>
    </comp>
    <comp ref="TP1">
      <value>TestPoint_Flag</value>
      <footprint>TestPoint:TestPoint_Pad_1.0x1.0mm</footprint>
      <datasheet>~</datasheet>
      <libsource lib="Connector" part="TestPoint_Flag" description="test point (alternative flag-style design)"/>
      <sheetpath names="/Sheet5FA37E8C/" tstamps="/5FA37E8D/"/>
      <tstamp>5FAA0B77</tstamp>
    </comp>
    <comp ref="TP2">
      <value>TestPoint_Flag</value>
      <footprint>TestPoint:TestPoint_Pad_1.0x1.0mm</footprint>
      <datasheet>~</datasheet>
      <libsource lib="Connector" part="TestPoint_Flag" description="test point (alternative flag-style design)"/>
      <sheetpath names="/Sheet5FA37E8C/" tstamps="/5FA37E8D/"/>
      <tstamp>5FAA36BD</tstamp>
    </comp>
    <comp ref="U4">
      <value>LM3914V</value>
      <footprint>Package_LCC:PLCC-20</footprint>
      <datasheet>https://www.ti.com/lit/ds/symlink/lm3914.pdf</datasheet>
      <libsource lib="Driver_LED" part="LM3914V" description="10 LED Dot/Bar Display Driver, PLCC-20"/>
      <sheetpath names="/Sheet5FA5D789/" tstamps="/5FA5D78A/"/>
      <tstamp>5FA62DEB</tstamp>
    </comp>
    <comp ref="D10">
      <value>LED_Small</value>
      <footprint>LED_SMD:LED_0805_2012Metric_Pad1.15x1.40mm_HandSolder</footprint>
      <datasheet>~</datasheet>
      <libsource lib="Device" part="LED_Small" description="Light emitting diode, small symbol"/>
      <sheetpath names="/Sheet5FA5D789/" tstamps="/5FA5D78A/"/>
      <tstamp>5FA66C3B</tstamp>
    </comp>
    <comp ref="D9">
      <value>LED_Small</value>
      <footprint>LED_SMD:LED_0805_2012Metric_Pad1.15x1.40mm_HandSolder</footprint>
      <datasheet>~</datasheet>
      <libsource lib="Device" part="LED_Small" description="Light emitting diode, small symbol"/>
      <sheetpath names="/Sheet5FA5D789/" tstamps="/5FA5D78A/"/>
      <tstamp>5FA66994</tstamp>
    </comp>
    <comp ref="D8">
      <value>LED_Small</value>
      <footprint>LED_SMD:LED_0805_2012Metric_Pad1.15x1.40mm_HandSolder</footprint>
      <datasheet>~</datasheet>
      <libsource lib="Device" part="LED_Small" description="Light emitting diode, small symbol"/>
      <sheetpath names="/Sheet5FA5D789/" tstamps="/5FA5D78A/"/>
      <tstamp>5FA6666F</tstamp>
    </comp>
    <comp ref="D7">
      <value>LED_Small</value>
      <footprint>LED_SMD:LED_0805_2012Metric_Pad1.15x1.40mm_HandSolder</footprint>
      <datasheet>~</datasheet>
      <libsource lib="Device" part="LED_Small" description="Light emitting diode, small symbol"/>
      <sheetpath names="/Sheet5FA5D789/" tstamps="/5FA5D78A/"/>
      <tstamp>5FA6631F</tstamp>
    </comp>
    <comp ref="D6">
      <value>LED_Small</value>
      <footprint>LED_SMD:LED_0805_2012Metric_Pad1.15x1.40mm_HandSolder</footprint>
      <datasheet>~</datasheet>
      <libsource lib="Device" part="LED_Small" description="Light emitting diode, small symbol"/>
      <sheetpath names="/Sheet5FA5D789/" tstamps="/5FA5D78A/"/>
      <tstamp>5FA65FE7</tstamp>
    </comp>
    <comp ref="D5">
      <value>LED_Small</value>
      <footprint>LED_SMD:LED_0805_2012Metric_Pad1.15x1.40mm_HandSolder</footprint>
      <datasheet>~</datasheet>
      <libsource lib="Device" part="LED_Small" description="Light emitting diode, small symbol"/>
      <sheetpath names="/Sheet5FA5D789/" tstamps="/5FA5D78A/"/>
      <tstamp>5FA65CEE</tstamp>
    </comp>
    <comp ref="D4">
      <value>LED_Small</value>
      <footprint>LED_SMD:LED_0805_2012Metric_Pad1.15x1.40mm_HandSolder</footprint>
      <datasheet>~</datasheet>
      <libsource lib="Device" part="LED_Small" description="Light emitting diode, small symbol"/>
      <sheetpath names="/Sheet5FA5D789/" tstamps="/5FA5D78A/"/>
      <tstamp>5FA659BB</tstamp>
    </comp>
    <comp ref="D3">
      <value>LED_Small</value>
      <footprint>LED_SMD:LED_0805_2012Metric_Pad1.15x1.40mm_HandSolder</footprint>
      <datasheet>~</datasheet>
      <libsource lib="Device" part="LED_Small" description="Light emitting diode, small symbol"/>
      <sheetpath names="/Sheet5FA5D789/" tstamps="/5FA5D78A/"/>
      <tstamp>5FA656BD</tstamp>
    </comp>
    <comp ref="D2">
      <value>LED_Small</value>
      <footprint>LED_SMD:LED_0805_2012Metric_Pad1.15x1.40mm_HandSolder</footprint>
      <datasheet>~</datasheet>
      <libsource lib="Device" part="LED_Small" description="Light emitting diode, small symbol"/>
      <sheetpath names="/Sheet5FA5D789/" tstamps="/5FA5D78A/"/>
      <tstamp>5FA653C9</tstamp>
    </comp>
    <comp ref="D1">
      <value>LED_Small</value>
      <footprint>LED_SMD:LED_0805_2012Metric_Pad1.15x1.40mm_HandSolder</footprint>
      <datasheet>~</datasheet>
      <libsource lib="Device" part="LED_Small" description="Light emitting diode, small symbol"/>
      <sheetpath names="/Sheet5FA5D789/" tstamps="/5FA5D78A/"/>
      <tstamp>5FA63ACA</tstamp>
    </comp>
    <comp ref="R6">
      <value>4.7</value>
      <footprint>Resistor_SMD:R_1206_3216Metric_Pad1.30x1.75mm_HandSolder</footprint>
      <datasheet>~</datasheet>
      <libsource lib="Device" part="R" description="Resistor"/>
      <sheetpath names="/Sheet5FA5D789/" tstamps="/5FA5D78A/"/>
      <tstamp>5FA6C18F</tstamp>
    </comp>
    <comp ref="RV1">
      <value>R_POT_Small</value>
      <footprint>Potentiometer_SMD:Potentiometer_Bourns_3214J_Horizontal</footprint>
      <datasheet>~</datasheet>
      <libsource lib="Device" part="R_POT_Small" description="Potentiometer"/>
      <sheetpath names="/Sheet5FA5D789/" tstamps="/5FA5D78A/"/>
      <tstamp>5FA6D271</tstamp>
    </comp>
    <comp ref="R7">
      <value>18k</value>
      <footprint>Resistor_SMD:R_1206_3216Metric_Pad1.30x1.75mm_HandSolder</footprint>
      <datasheet>~</datasheet>
      <libsource lib="Device" part="R" description="Resistor"/>
      <sheetpath names="/Sheet5FA5D789/" tstamps="/5FA5D78A/"/>
      <tstamp>5FA6D8F1</tstamp>
    </comp>
    <comp ref="R5">
      <value>56k</value>
      <footprint>Resistor_SMD:R_1206_3216Metric_Pad1.30x1.75mm_HandSolder</footprint>
      <datasheet>~</datasheet>
      <libsource lib="Device" part="R" description="Resistor"/>
      <sheetpath names="/Sheet5FA5D789/" tstamps="/5FA5D78A/"/>
      <tstamp>5FA6DBDA</tstamp>
    </comp>
    <comp ref="SW2">
      <value>SW_DIP_x01</value>
      <footprint>Button_Switch_SMD:SW_DIP_SPSTx01_Slide_6.7x4.1mm_W6.73mm_P2.54mm_LowProfile_JPin</footprint>
      <datasheet>~</datasheet>
      <libsource lib="Switch" part="SW_DIP_x01" description="1x DIP Switch, Single Pole Single Throw (SPST) switch, small symbol"/>
      <sheetpath names="/Sheet5FA5D789/" tstamps="/5FA5D78A/"/>
      <tstamp>5FA789E4</tstamp>
    </comp>
  </components>
  <libparts>
    <libpart lib="Connector" part="Screw_Terminal_01x02">
      <description>Generic screw terminal, single row, 01x02, script generated (kicad-library-utils/schlib/autogen/connector/)</description>
      <docs>~</docs>
      <footprints>
        <fp>TerminalBlock*:*</fp>
      </footprints>
      <fields>
        <field name="Reference">J</field>
        <field name="Value">Screw_Terminal_01x02</field>
      </fields>
      <pins>
        <pin num="1" name="Pin_1" type="passive"/>
        <pin num="2" name="Pin_2" type="passive"/>
      </pins>
    </libpart>
    <libpart lib="Connector" part="Screw_Terminal_01x06">
      <description>Generic screw terminal, single row, 01x06, script generated (kicad-library-utils/schlib/autogen/connector/)</description>
      <docs>~</docs>
      <footprints>
        <fp>TerminalBlock*:*</fp>
      </footprints>
      <fields>
        <field name="Reference">J</field>
        <field name="Value">Screw_Terminal_01x06</field>
      </fields>
      <pins>
        <pin num="1" name="Pin_1" type="passive"/>
        <pin num="2" name="Pin_2" type="passive"/>
        <pin num="3" name="Pin_3" type="passive"/>
        <pin num="4" name="Pin_4" type="passive"/>
        <pin num="5" name="Pin_5" type="passive"/>
        <pin num="6" name="Pin_6" type="passive"/>
      </pins>
    </libpart>
    <libpart lib="Connector" part="Screw_Terminal_01x09">
      <description>Generic screw terminal, single row, 01x09, script generated (kicad-library-utils/schlib/autogen/connector/)</description>
      <docs>~</docs>
      <footprints>
        <fp>TerminalBlock*:*</fp>
      </footprints>
      <fields>
        <field name="Reference">J</field>
        <field name="Value">Screw_Terminal_01x09</field>
      </fields>
      <pins>
        <pin num="1" name="Pin_1" type="passive"/>
        <pin num="2" name="Pin_2" type="passive"/>
        <pin num="3" name="Pin_3" type="passive"/>
        <pin num="4" name="Pin_4" type="passive"/>
        <pin num="5" name="Pin_5" type="passive"/>
        <pin num="6" name="Pin_6" type="passive"/>
        <pin num="7" name="Pin_7" type="passive"/>
        <pin num="8" name="Pin_8" type="passive"/>
        <pin num="9" name="Pin_9" type="passive"/>
      </pins>
    </libpart>
    <libpart lib="Connector" part="TestPoint_Flag">
      <description>test point (alternative flag-style design)</description>
      <docs>~</docs>
      <footprints>
        <fp>Pin*</fp>
        <fp>Test*</fp>
      </footprints>
      <fields>
        <field name="Reference">TP</field>
        <field name="Value">TestPoint_Flag</field>
      </fields>
      <pins>
        <pin num="1" name="1" type="passive"/>
      </pins>
    </libpart>
    <libpart lib="Connector_Generic" part="Conn_01x10">
      <description>Generic connector, single row, 01x10, script generated (kicad-library-utils/schlib/autogen/connector/)</description>
      <docs>~</docs>
      <footprints>
        <fp>Connector*:*_1x??_*</fp>
      </footprints>
      <fields>
        <field name="Reference">J</field>
        <field name="Value">Conn_01x10</field>
      </fields>
      <pins>
        <pin num="1" name="Pin_1" type="passive"/>
        <pin num="2" name="Pin_2" type="passive"/>
        <pin num="3" name="Pin_3" type="passive"/>
        <pin num="4" name="Pin_4" type="passive"/>
        <pin num="5" name="Pin_5" type="passive"/>
        <pin num="6" name="Pin_6" type="passive"/>
        <pin num="7" name="Pin_7" type="passive"/>
        <pin num="8" name="Pin_8" type="passive"/>
        <pin num="9" name="Pin_9" type="passive"/>
        <pin num="10" name="Pin_10" type="passive"/>
      </pins>
    </libpart>
    <libpart lib="Connector_Generic" part="Conn_02x03_Top_Bottom">
      <description>Generic connector, double row, 02x03, top/bottom pin numbering scheme (row 1: 1...pins_per_row, row2: pins_per_row+1 ... num_pins), script generated (kicad-library-utils/schlib/autogen/connector/)</description>
      <docs>~</docs>
      <footprints>
        <fp>Connector*:*_2x??_*</fp>
      </footprints>
      <fields>
        <field name="Reference">J</field>
        <field name="Value">Conn_02x03_Top_Bottom</field>
      </fields>
      <pins>
        <pin num="1" name="Pin_1" type="passive"/>
        <pin num="2" name="Pin_2" type="passive"/>
        <pin num="3" name="Pin_3" type="passive"/>
        <pin num="4" name="Pin_4" type="passive"/>
        <pin num="5" name="Pin_5" type="passive"/>
        <pin num="6" name="Pin_6" type="passive"/>
      </pins>
    </libpart>
    <libpart lib="Device" part="C_Small">
      <description>Unpolarized capacitor, small symbol</description>
      <docs>~</docs>
      <footprints>
        <fp>C_*</fp>
      </footprints>
      <fields>
        <field name="Reference">C</field>
        <field name="Value">C_Small</field>
      </fields>
      <pins>
        <pin num="1" name="~" type="passive"/>
        <pin num="2" name="~" type="passive"/>
      </pins>
    </libpart>
    <libpart lib="Device" part="LED_Small">
      <description>Light emitting diode, small symbol</description>
      <docs>~</docs>
      <footprints>
        <fp>LED*</fp>
        <fp>LED_SMD:*</fp>
        <fp>LED_THT:*</fp>
      </footprints>
      <fields>
        <field name="Reference">D</field>
        <field name="Value">LED_Small</field>
      </fields>
      <pins>
        <pin num="1" name="K" type="passive"/>
        <pin num="2" name="A" type="passive"/>
      </pins>
    </libpart>
    <libpart lib="Device" part="R">
      <description>Resistor</description>
      <docs>~</docs>
      <footprints>
        <fp>R_*</fp>
      </footprints>
      <fields>
        <field name="Reference">R</field>
        <field name="Value">R</field>
      </fields>
      <pins>
        <pin num="1" name="~" type="passive"/>
        <pin num="2" name="~" type="passive"/>
      </pins>
    </libpart>
    <libpart lib="Device" part="R_POT_Small">
      <description>Potentiometer</description>
      <docs>~</docs>
      <footprints>
        <fp>Potentiometer*</fp>
      </footprints>
      <fields>
        <field name="Reference">RV</field>
        <field name="Value">R_POT_Small</field>
      </fields>
      <pins>
        <pin num="1" name="1" type="passive"/>
        <pin num="2" name="2" type="passive"/>
        <pin num="3" name="3" type="passive"/>
      </pins>
    </libpart>
    <libpart lib="Driver_LED" part="LM3914V">
      <description>10 LED Dot/Bar Display Driver, PLCC-20</description>
      <docs>https://www.ti.com/lit/ds/symlink/lm3914.pdf</docs>
      <footprints>
        <fp>PLCC*</fp>
      </footprints>
      <fields>
        <field name="Reference">U</field>
        <field name="Value">LM3914V</field>
        <field name="Footprint">Package_LCC:PLCC-20</field>
      </fields>
      <pins>
        <pin num="1" name="LED1" type="openCol"/>
        <pin num="2" name="V-" type="power_in"/>
        <pin num="3" name="V+" type="power_in"/>
        <pin num="4" name="RLO" type="input"/>
        <pin num="5" name="SIG" type="input"/>
        <pin num="6" name="RHI" type="input"/>
        <pin num="7" name="NC" type="NotConnected"/>
        <pin num="8" name="REFOUT" type="output"/>
        <pin num="9" name="NC" type="NotConnected"/>
        <pin num="10" name="REFADJ" type="input"/>
        <pin num="11" name="MODE" type="input"/>
        <pin num="12" name="LED10" type="openCol"/>
        <pin num="13" name="LED9" type="openCol"/>
        <pin num="14" name="LED8" type="openCol"/>
        <pin num="15" name="LED7" type="openCol"/>
        <pin num="16" name="LED6" type="openCol"/>
        <pin num="17" name="LED5" type="openCol"/>
        <pin num="18" name="LED4" type="openCol"/>
        <pin num="19" name="LED3" type="openCol"/>
        <pin num="20" name="LED2" type="openCol"/>
      </pins>
    </libpart>
    <libpart lib="ESP32_DevKit_V1_DOIT" part="ESP32_DevKit_V1_DOIT">
      <description>32-bit microcontroller module with WiFi and Bluetooth</description>
      <docs>https://aliexpress.com/item/32864722159.html</docs>
      <footprints>
        <fp>esp32?devkit?v1?doit*</fp>
      </footprints>
      <fields>
        <field name="Reference">U</field>
        <field name="Value">ESP32_DevKit_V1_DOIT</field>
        <field name="Footprint">ESP32_DevKit_V1_DOIT:esp32_devkit_v1_doit</field>
      </fields>
      <pins>
        <pin num="1" name="EN" type="input"/>
        <pin num="2" name="SENSOR_VP" type="input"/>
        <pin num="3" name="SENSOR_VN" type="input"/>
        <pin num="4" name="IO34" type="input"/>
        <pin num="5" name="IO35" type="input"/>
        <pin num="6" name="IO32" type="BiDi"/>
        <pin num="7" name="IO33" type="BiDi"/>
        <pin num="8" name="IO25" type="BiDi"/>
        <pin num="9" name="IO26" type="BiDi"/>
        <pin num="10" name="IO27" type="BiDi"/>
        <pin num="11" name="IO14" type="BiDi"/>
        <pin num="12" name="IO12" type="BiDi"/>
        <pin num="13" name="IO13" type="BiDi"/>
        <pin num="14" name="GND" type="power_in"/>
        <pin num="15" name="VIN" type="power_in"/>
        <pin num="16" name="3V3" type="power_in"/>
        <pin num="17" name="GND" type="power_in"/>
        <pin num="18" name="IO15" type="BiDi"/>
        <pin num="19" name="IO2" type="BiDi"/>
        <pin num="20" name="IO4" type="BiDi"/>
        <pin num="21" name="IO16" type="BiDi"/>
        <pin num="22" name="IO17" type="BiDi"/>
        <pin num="23" name="IO5" type="BiDi"/>
        <pin num="24" name="IO18" type="BiDi"/>
        <pin num="25" name="IO19" type="BiDi"/>
        <pin num="26" name="IO21" type="BiDi"/>
        <pin num="27" name="RXD0/IO3" type="BiDi"/>
        <pin num="28" name="TXD0/IO1" type="BiDi"/>
        <pin num="29" name="IO22" type="BiDi"/>
        <pin num="30" name="IO23" type="BiDi"/>
      </pins>
    </libpart>
    <libpart lib="Mechanical" part="MountingHole">
      <description>Mounting Hole without connection</description>
      <docs>~</docs>
      <footprints>
        <fp>MountingHole*</fp>
      </footprints>
      <fields>
        <field name="Reference">H</field>
        <field name="Value">MountingHole</field>
      </fields>
    </libpart>
    <libpart lib="Regulator_Linear" part="LM7805_TO220">
      <aliases>
        <alias>LM7806_TO220</alias>
        <alias>LM7808_TO220</alias>
        <alias>LM7809_TO220</alias>
        <alias>LM7810_TO220</alias>
        <alias>LM7812_TO220</alias>
        <alias>LM7815_TO220</alias>
        <alias>LM7818_TO220</alias>
        <alias>LM7824_TO220</alias>
        <alias>LM78M05_TO220</alias>
        <alias>SPX2920U-3.3_TO220</alias>
        <alias>SPX2920U-5.0_TO220</alias>
        <alias>LF15_TO220</alias>
        <alias>LF18_TO220</alias>
        <alias>LF25_TO220</alias>
        <alias>LF33_TO220</alias>
        <alias>LF50_TO220</alias>
        <alias>LF60_TO220</alias>
        <alias>LF80_TO220</alias>
        <alias>LF85_TO220</alias>
        <alias>LF120_TO220</alias>
        <alias>LF47_TO220</alias>
        <alias>LF90_TO220</alias>
        <alias>LM341T-05_TO220</alias>
        <alias>LM341T-12_TO220</alias>
        <alias>LM341T-15_TO220</alias>
        <alias>LM2937xT</alias>
        <alias>LM2931-3.3_TO220</alias>
        <alias>LM2931-5.0_TO220</alias>
      </aliases>
      <description>Positive 1A 35V Linear Regulator, Fixed Output 5V, TO-220</description>
      <docs>https://www.onsemi.cn/PowerSolutions/document/MC7800-D.PDF</docs>
      <footprints>
        <fp>TO?220*</fp>
      </footprints>
      <fields>
        <field name="Reference">U</field>
        <field name="Value">LM7805_TO220</field>
        <field name="Footprint">Package_TO_SOT_THT:TO-220-3_Vertical</field>
      </fields>
      <pins>
        <pin num="1" name="VI" type="power_in"/>
        <pin num="2" name="GND" type="power_in"/>
        <pin num="3" name="VO" type="power_out"/>
      </pins>
    </libpart>
    <libpart lib="Switch" part="SW_DIP_x01">
      <description>1x DIP Switch, Single Pole Single Throw (SPST) switch, small symbol</description>
      <docs>~</docs>
      <footprints>
        <fp>SW?DIP?x1*</fp>
      </footprints>
      <fields>
        <field name="Reference">SW</field>
        <field name="Value">SW_DIP_x01</field>
      </fields>
      <pins>
        <pin num="1" name="~" type="passive"/>
        <pin num="2" name="~" type="passive"/>
      </pins>
    </libpart>
    <libpart lib="Switch" part="SW_Push">
      <description>Push button switch, generic, two pins</description>
      <docs>~</docs>
      <fields>
        <field name="Reference">SW</field>
        <field name="Value">SW_Push</field>
      </fields>
      <pins>
        <pin num="1" name="1" type="passive"/>
        <pin num="2" name="2" type="passive"/>
      </pins>
    </libpart>
    <libpart lib="Transistor_BJT" part="2N3904">
      <description>0.2A Ic, 40V Vce, Small Signal NPN Transistor, TO-92</description>
      <docs>https://www.onsemi.com/pub/Collateral/2N3903-D.PDF</docs>
      <footprints>
        <fp>TO?92*</fp>
      </footprints>
      <fields>
        <field name="Reference">Q</field>
        <field name="Value">2N3904</field>
        <field name="Footprint">Package_TO_SOT_THT:TO-92_Inline</field>
      </fields>
      <pins>
        <pin num="1" name="E" type="passive"/>
        <pin num="2" name="B" type="passive"/>
        <pin num="3" name="C" type="passive"/>
      </pins>
    </libpart>
    <libpart lib="Transistor_FET" part="IRF9540N">
      <aliases>
        <alias>IRF4905</alias>
        <alias>FQP27P06</alias>
      </aliases>
      <description>-23A Id, -100V Vds, 117mOhm Rds, P-Channel HEXFET Power MOSFET, TO-220</description>
      <docs>http://www.irf.com/product-info/datasheets/data/irf9540n.pdf</docs>
      <footprints>
        <fp>TO?220*</fp>
      </footprints>
      <fields>
        <field name="Reference">Q</field>
        <field name="Value">IRF9540N</field>
        <field name="Footprint">Package_TO_SOT_THT:TO-220-3_Vertical</field>
      </fields>
      <pins>
        <pin num="1" name="G" type="input"/>
        <pin num="2" name="D" type="passive"/>
        <pin num="3" name="S" type="passive"/>
      </pins>
    </libpart>
  </libparts>
  <libraries>
    <library logical="Connector">
      <uri>C:\Program Files\KiCad\share\kicad\library/Connector.lib</uri>
    </library>
    <library logical="Connector_Generic">
      <uri>C:\Program Files\KiCad\share\kicad\library/Connector_Generic.lib</uri>
    </library>
    <library logical="Device">
      <uri>C:\Program Files\KiCad\share\kicad\library/Device.lib</uri>
    </library>
    <library logical="Driver_LED">
      <uri>C:\Program Files\KiCad\share\kicad\library/Driver_LED.lib</uri>
    </library>
    <library logical="ESP32_DevKit_V1_DOIT">
      <uri>C:\Users\caice_000\share\kicad\symbols/esp32_devkit_v1_doit.lib</uri>
    </library>
    <library logical="Mechanical">
      <uri>C:\Program Files\KiCad\share\kicad\library/Mechanical.lib</uri>
    </library>
    <library logical="Regulator_Linear">
      <uri>C:\Program Files\KiCad\share\kicad\library/Regulator_Linear.lib</uri>
    </library>
    <library logical="Switch">
      <uri>C:\Program Files\KiCad\share\kicad\library/Switch.lib</uri>
    </library>
    <library logical="Transistor_BJT">
      <uri>C:\Program Files\KiCad\share\kicad\library/Transistor_BJT.lib</uri>
    </library>
    <library logical="Transistor_FET">
      <uri>C:\Program Files\KiCad\share\kicad\library/Transistor_FET.lib</uri>
    </library>
  </libraries>
  <nets>
    <net code="1" name="GND">
      <node ref="U2" pin="2"/>
      <node ref="U5" pin="17"/>
      <node ref="C1" pin="2"/>
      <node ref="C2" pin="2"/>
      <node ref="U5" pin="14"/>
      <node ref="U3" pin="2"/>
      <node ref="J3" pin="3"/>
      <node ref="J2" pin="2"/>
      <node ref="U1" pin="14"/>
      <node ref="J3" pin="1"/>
      <node ref="U1" pin="17"/>
      <node ref="R7" pin="2"/>
      <node ref="C3" pin="2"/>
      <node ref="C4" pin="2"/>
      <node ref="TP1" pin="1"/>
      <node ref="J6" pin="3"/>
      <node ref="J6" pin="2"/>
      <node ref="J6" pin="1"/>
      <node ref="SW1" pin="2"/>
      <node ref="R1" pin="2"/>
      <node ref="Q1" pin="1"/>
      <node ref="RV1" pin="3"/>
      <node ref="U4" pin="2"/>
      <node ref="U4" pin="10"/>
      <node ref="J2" pin="5"/>
      <node ref="R6" pin="2"/>
      <node ref="J2" pin="8"/>
      <node ref="J4" pin="2"/>
      <node ref="J4" pin="5"/>
      <node ref="J1" pin="2"/>
    </net>
    <net code="2" name="V6">
      <node ref="J4" pin="6"/>
      <node ref="J2" pin="1"/>
      <node ref="J2" pin="4"/>
      <node ref="C4" pin="1"/>
      <node ref="J4" pin="3"/>
      <node ref="J2" pin="7"/>
      <node ref="U3" pin="3"/>
      <node ref="J3" pin="2"/>
      <node ref="J6" pin="4"/>
      <node ref="J6" pin="5"/>
      <node ref="J6" pin="6"/>
      <node ref="J3" pin="4"/>
    </net>
    <net code="3" name="SPISCLK">
      <node ref="U5" pin="12"/>
      <node ref="J5" pin="3"/>
      <node ref="U1" pin="12"/>
    </net>
    <net code="4" name="Vbat">
      <node ref="D6" pin="2"/>
      <node ref="D4" pin="2"/>
      <node ref="J1" pin="1"/>
      <node ref="D3" pin="2"/>
      <node ref="D2" pin="2"/>
      <node ref="D1" pin="2"/>
      <node ref="D5" pin="2"/>
      <node ref="U4" pin="3"/>
      <node ref="C3" pin="1"/>
      <node ref="D7" pin="2"/>
      <node ref="D8" pin="2"/>
      <node ref="D9" pin="2"/>
      <node ref="R3" pin="2"/>
      <node ref="D10" pin="2"/>
      <node ref="Q2" pin="3"/>
      <node ref="TP2" pin="1"/>
      <node ref="SW2" pin="2"/>
      <node ref="R5" pin="2"/>
      <node ref="U3" pin="1"/>
    </net>
    <net code="5" name="SPIMOSI">
      <node ref="U5" pin="11"/>
      <node ref="J5" pin="1"/>
      <node ref="U1" pin="11"/>
    </net>
    <net code="6" name="SD1">
      <node ref="J5" pin="10"/>
      <node ref="U1" pin="4"/>
      <node ref="U5" pin="4"/>
    </net>
    <net code="7" name="SPIMISO">
      <node ref="U5" pin="13"/>
      <node ref="U1" pin="13"/>
      <node ref="J5" pin="2"/>
    </net>
    <net code="8" name="I2CSCL">
      <node ref="U1" pin="22"/>
      <node ref="J5" pin="4"/>
      <node ref="U5" pin="22"/>
    </net>
    <net code="9" name="I2CSDA">
      <node ref="U1" pin="21"/>
      <node ref="J5" pin="5"/>
      <node ref="U5" pin="21"/>
    </net>
    <net code="10" name="SA2">
      <node ref="U1" pin="30"/>
      <node ref="J5" pin="6"/>
      <node ref="U5" pin="30"/>
    </net>
    <net code="11" name="SA1">
      <node ref="U5" pin="29"/>
      <node ref="J5" pin="7"/>
      <node ref="U1" pin="29"/>
    </net>
    <net code="12" name="SD3">
      <node ref="U1" pin="6"/>
      <node ref="J5" pin="8"/>
      <node ref="U5" pin="6"/>
    </net>
    <net code="13" name="SD2">
      <node ref="U1" pin="5"/>
      <node ref="U5" pin="5"/>
      <node ref="J5" pin="9"/>
    </net>
    <net code="14" name="Net-(U1-Pad7)">
      <node ref="U1" pin="7"/>
      <node ref="U5" pin="7"/>
    </net>
    <net code="15" name="Net-(U1-Pad3)">
      <node ref="U1" pin="3"/>
      <node ref="U5" pin="3"/>
    </net>
    <net code="16" name="Net-(U1-Pad1)">
      <node ref="U5" pin="1"/>
      <node ref="U1" pin="1"/>
    </net>
    <net code="17" name="Net-(U1-Pad2)">
      <node ref="U1" pin="2"/>
      <node ref="U5" pin="2"/>
    </net>
    <net code="18" name="Net-(U1-Pad16)">
      <node ref="U1" pin="16"/>
      <node ref="U5" pin="16"/>
    </net>
    <net code="19" name="V5">
      <node ref="U1" pin="15"/>
      <node ref="U5" pin="15"/>
      <node ref="U2" pin="3"/>
      <node ref="C2" pin="1"/>
    </net>
    <net code="20" name="SeñalSI">
      <node ref="U5" pin="18"/>
      <node ref="J4" pin="1"/>
      <node ref="U1" pin="18"/>
    </net>
    <net code="21" name="SeñalSC">
      <node ref="U1" pin="19"/>
      <node ref="U5" pin="19"/>
      <node ref="J4" pin="4"/>
    </net>
    <net code="22" name="Net-(U1-Pad20)">
      <node ref="U1" pin="20"/>
      <node ref="U5" pin="20"/>
    </net>
    <net code="23" name="DOUT">
      <node ref="U1" pin="24"/>
      <node ref="U5" pin="24"/>
      <node ref="J3" pin="5"/>
    </net>
    <net code="24" name="Net-(U1-Pad25)">
      <node ref="U1" pin="25"/>
      <node ref="U5" pin="25"/>
    </net>
    <net code="25" name="Sencendido">
      <node ref="U1" pin="26"/>
      <node ref="U5" pin="26"/>
      <node ref="R2" pin="2"/>
      <node ref="R1" pin="1"/>
    </net>
    <net code="26" name="Net-(U1-Pad27)">
      <node ref="U1" pin="27"/>
      <node ref="U5" pin="27"/>
    </net>
    <net code="27" name="Net-(U1-Pad28)">
      <node ref="U5" pin="28"/>
      <node ref="U1" pin="28"/>
    </net>
    <net code="28" name="SCK">
      <node ref="J3" pin="6"/>
      <node ref="U1" pin="23"/>
      <node ref="U5" pin="23"/>
    </net>
    <net code="29" name="servo1">
      <node ref="J2" pin="3"/>
      <node ref="U1" pin="8"/>
      <node ref="U5" pin="8"/>
    </net>
    <net code="30" name="servo2">
      <node ref="U5" pin="9"/>
      <node ref="J2" pin="6"/>
      <node ref="U1" pin="9"/>
    </net>
    <net code="31" name="servo3">
      <node ref="U1" pin="10"/>
      <node ref="J2" pin="9"/>
      <node ref="U5" pin="10"/>
    </net>
    <net code="32" name="Net-(Q2-Pad1)">
      <node ref="R3" pin="1"/>
      <node ref="Q2" pin="1"/>
      <node ref="SW1" pin="1"/>
      <node ref="R4" pin="1"/>
    </net>
    <net code="33" name="Vreg5">
      <node ref="C1" pin="1"/>
      <node ref="U2" pin="1"/>
      <node ref="Q2" pin="2"/>
    </net>
    <net code="34" name="Net-(Q1-Pad3)">
      <node ref="Q1" pin="3"/>
      <node ref="R4" pin="2"/>
    </net>
    <net code="35" name="Net-(Q1-Pad2)">
      <node ref="R2" pin="1"/>
      <node ref="Q1" pin="2"/>
    </net>
    <net code="36" name="Net-(RV1-Pad2)">
      <node ref="RV1" pin="2"/>
      <node ref="U4" pin="5"/>
    </net>
    <net code="37" name="Net-(R5-Pad1)">
      <node ref="R5" pin="1"/>
      <node ref="RV1" pin="1"/>
    </net>
    <net code="38" name="Net-(R7-Pad1)">
      <node ref="R7" pin="1"/>
      <node ref="U4" pin="4"/>
    </net>
    <net code="39" name="Net-(R6-Pad1)">
      <node ref="R6" pin="1"/>
      <node ref="U4" pin="6"/>
      <node ref="U4" pin="8"/>
    </net>
    <net code="40" name="Net-(SW2-Pad1)">
      <node ref="SW2" pin="1"/>
      <node ref="U4" pin="11"/>
    </net>
    <net code="41" name="Net-(D7-Pad1)">
      <node ref="D7" pin="1"/>
      <node ref="U4" pin="15"/>
    </net>
    <net code="42" name="Net-(D6-Pad1)">
      <node ref="U4" pin="16"/>
      <node ref="D6" pin="1"/>
    </net>
    <net code="43" name="Net-(D5-Pad1)">
      <node ref="U4" pin="17"/>
      <node ref="D5" pin="1"/>
    </net>
    <net code="44" name="Net-(D4-Pad1)">
      <node ref="D4" pin="1"/>
      <node ref="U4" pin="18"/>
    </net>
    <net code="45" name="Net-(D3-Pad1)">
      <node ref="U4" pin="19"/>
      <node ref="D3" pin="1"/>
    </net>
    <net code="46" name="Net-(D2-Pad1)">
      <node ref="D2" pin="1"/>
      <node ref="U4" pin="20"/>
    </net>
    <net code="47" name="Net-(D1-Pad1)">
      <node ref="D1" pin="1"/>
      <node ref="U4" pin="1"/>
    </net>
    <net code="48" name="Net-(U4-Pad9)">
      <node ref="U4" pin="9"/>
    </net>
    <net code="49" name="Net-(U4-Pad7)">
      <node ref="U4" pin="7"/>
    </net>
    <net code="50" name="Net-(D8-Pad1)">
      <node ref="D8" pin="1"/>
      <node ref="U4" pin="14"/>
    </net>
    <net code="51" name="Net-(D9-Pad1)">
      <node ref="U4" pin="13"/>
      <node ref="D9" pin="1"/>
    </net>
    <net code="52" name="Net-(D10-Pad1)">
      <node ref="U4" pin="12"/>
      <node ref="D10" pin="1"/>
    </net>
  </nets>
</export>
