Id;Identificador;Empaquetado;Cantidad;Identificación;Suministrador y ref
1;J5;PinHeader_1x10_P2.54mm_Vertical;1;Conn_01x10;
2;U4;PLCC-20;1;LM3914V;
3;TP2,TP1;TestPoint_Pad_1.0x1.0mm;2;TestPoint_Flag;
4;SW2;SW_DIP_SPSTx01_Slide_6.7x4.1mm_W6.73mm_P2.54mm_LowProfile_JPin;1;SW_DIP_x01;
5;RV1;Potentiometer_Bourns_3214J_Horizontal;1;R_POT_Small;
6;R7;R_1206_3216Metric_Pad1.30x1.75mm_HandSolder;1;18k;
7;R6;R_1206_3216Metric_Pad1.30x1.75mm_HandSolder;1;4.7;
8;R5;R_1206_3216Metric_Pad1.30x1.75mm_HandSolder;1;56k;
9;J6;PinHeader_2x03_P2.54mm_Vertical;1;Alimentaciones;
10;D10,D9,D8,D7,D6,D5,D4,D3,D2,D1;LED_0805_2012Metric_Pad1.15x1.40mm_HandSolder;10;LED_Small;
11;R4,R2;R_1206_3216Metric_Pad1.30x1.75mm_HandSolder;2;10k;
12;R3,R1;R_1206_3216Metric_Pad1.30x1.75mm_HandSolder;2;100k;
13;C4,C2;C_0603_1608Metric_Pad1.08x0.95mm_HandSolder;2;0.1µ;
14;C3,C1;C_0603_1608Metric_Pad1.08x0.95mm_HandSolder;2;0.33µ;
15;SW1;SW_SPST_CK_RS282G05A3;1;SW_Push;
16;U3;ATPAK-2;1;LM7806_TO220;
17;U2;ATPAK-2;1;LM7805_TO220;
18;Q2;TO-263-2;1;IRF9540N;
19;Q1;TSOT-23;1;2N3904;
20;J1;TerminalBlock_Phoenix_MKDS-1,5-2-5.08_1x02_P5.08mm_Horizontal;1;Screw_Terminal_01x02;
21;J2;TerminalBlock_Phoenix_MKDS-1,5-9-5.08_1x09_P5.08mm_Horizontal;1;Screw_Terminal_01x09;
22;J4;TerminalBlock_Phoenix_MKDS-1,5-6_1x06_P5.00mm_Horizontal;1;Screw_Terminal_01x06;
23;H4,H3,H2,H1;MountingHole_2.5mm_Pad;4;MountingHole;
24;U1;esp32_devkit_v1_doit;1;ESP32_DevKit_V1_DOIT;
25;J3;PinHeader_2x03_P2.54mm_Vertical;1;Sensor de masa;
